Noise,Norm_D,t_Dist_D,Cauchy_D
White,0.1650487132194064,0.1625438626219966,0.17040584378010132
Blue,0.15837304919465267,0.15807428308849458,0.1875151886064976
Pink,0.13090159726016282,0.13581158396556375,0.19268404090360702
Red,0.20832367146010744,0.2213896778465519,0.2629183588486441
Green,0.2025095540754408,0.24589966124365364,0.27402035174536016
Black,0.1234515037371765,0.12836847984374022,0.19286273364746412
